row_id,system,answer_length,outline,answer,coherence,helpfulness,factuality,reason
0,baseline,2810,"**Outline: How surgeons prevent air embolisms during organ transplantation**  

1. **Maintain a fluid‑filled environment for the graft**  
   - *Evidence*: “Air is generally kept out of a transplanted tissue by filling it with fluid when it is removed” (Doc 1‑5).  

2. **Sequence of vascular reconnection**  
   - **a. Attach the arterial supply first**  
     - *Evidence*: “Surgeons first reattach the arteries… these are the blood vessels that carry blood to the various organs” (Doc 1‑2).  
   - **b. Attach the venous outflow after the arteries**  
     - *Evidence*: “Once these are attached, the veins are attached… they let the blood itself wash away any stray air or gas bubbles” (Doc 1‑2).  
   - **c. Resulting effect** – arterial blood flow pushes any residual air out through the newly‑connected veins, preventing air from remaining in the circulation.  

3. **Hydration of the recipient (and graft) to reduce embolism risk**  
   - *Evidence*: “A well‑hydrated person has been proven to have a lower chance of developing embolisms” (Doc 1‑2).  

4. **Physiological safety net (optional note)**  
   - *Evidence*: “Our blood carries oxygen normally, so it has the capacity to bear some amount of air… the air is carried to the lungs, where it is absorbed or exchanged” (Doc 1‑3).  
   - *Interpretation*: While the body can clear small amounts of air, surgical technique aims to eliminate air entry altogether.  

**Key Take‑away:**  
- Keep the organ immersed in fluid during removal and implantation.  
- Re‑establish arterial inflow before venous outflow, allowing the incoming blood to flush any entrapped air out of the graft.  
- Ensure the patient is well‑hydrated to further lower the risk of air embolism.  

*(All points are directly supported by Document 1.)*","**How surgeons prevent air embolisms during organ transplantation**

1. **Keep the graft in a fluid‑filled environment**  
   When an organ is removed from the donor, it is immediately filled with a sterile fluid. This practice “keeps air out of a transplanted tissue by filling it with fluid when it is removed” (Doc 1‑5). By maintaining a fluid‑filled environment, any air that might otherwise be trapped in the tissue or its vessels is displaced before the organ is transferred to the recipient.

2. **Re‑connect the blood vessels in a specific order**  

   a. **Arterial attachment first** – The surgeon first re‑attaches the arteries, the vessels that deliver oxygen‑rich blood to the organ.  “Surgeons first reattach the arteries… these are the blood vessels that carry blood to the various organs” (Doc 1‑2).  

   b. **Venous attachment second** – After the arterial inflow is secured, the veins are connected.  “Once these are attached, the veins are attached… they let the blood itself wash away any stray air or gas bubbles” (Doc 1‑2).  

   c. **Resulting effect** – As arterial blood begins to flow through the graft, it creates a pressure gradient that pushes any residual air forward. The newly‑connected veins provide an exit route, allowing the blood to “wash away any stray air” and carry it out of the transplanted tissue. This sequence therefore eliminates the possibility of air remaining in the circulation.

3. **Ensure adequate hydration of the recipient**  
   Hydration reduces the likelihood that a small amount of air could form a clinically significant embolus.  “A well‑hydrated person has been proven to have a lower chance of developing embolisms” (Doc 1‑2). Consequently, patients are often given intravenous fluids before and during the transplant to keep the intravascular volume high.

4. **Physiological safety net (secondary protection)**  
   Even if a minute amount of air were to enter the bloodstream, the body can often handle it.  “Our blood carries oxygen normally, so it has the capacity to bear some amount of air… the air is carried to the lungs, where it is absorbed or exchanged” (Doc 1‑3).  However, surgical technique is designed to prevent air entry altogether, because reliance on this physiological clearance alone is not considered safe.

---

**Key take‑away**  
Surgeons prevent air embolisms in organ transplantation by (1) keeping the organ immersed in fluid during removal and implantation, (2) re‑establishing arterial inflow before venous outflow so that the incoming blood flushes any trapped air out through the veins, and (3) maintaining good hydration of the recipient to further lower embolic risk. These steps, all documented in the provided sources, collectively ensure that air does not remain in the graft or the recipient’s circulation.",5,5,5,"The answer is clearly organized, directly addresses how surgeons prevent air embolisms, and its points (fluid‑filled graft, arterial‑first vessel reconnection, recipient hydration, and physiological clearance) are all explicitly supported by the provided documents."
0,mmr,2901,"**Outline: How surgeons prevent air embolisms during organ transplantation**  

1. **Pre‑operative patient preparation**  
   - **Hydration of the recipient** – A well‑hydrated patient has a lower risk of embolism, so adequate fluid loading is performed before the transplant.【Document 1†L2】

2. **Organ procurement and preservation**  
   - **Fill the organ with fluid** – Immediately after removal, the organ’s vasculature is flushed and kept full of preservation solution (or other fluid) to keep air out of the tissue.【Document 1†L5】

3. **Vascular anastomosis sequence in the recipient**  
   - **Attach arterial inflow first** – Surgeons connect the donor artery to the recipient’s arterial supply before any venous connection.  
   - **Then attach the veins** – After the artery is secured, the venous outflow is anastomosed.  
   - **Rationale** – This order allows the incoming arterial blood to “wash away” any stray air or gas bubbles that may have entered the graft, pushing them out through the newly created venous outflow.【Document 1†L2-L3】【Document 1†L5】

4. **Intra‑operative flushing**  
   - **Blood flow‑driven air removal** – Once the arterial side is opened, the pressure of the donor’s blood stream forces any residual air bubbles downstream into the venous circuit, where they are expelled from the graft. This is essentially the same “blood washes away air” principle described above.【Document 1†L2-L3】

5. **General operative precautions**  
   - **Maintain a fluid‑filled field** – Throughout the procedure the surgical field is kept moist/filled with fluid to prevent air entry into open vessels.  
   - **Avoid unnecessary exposure of vessels** – Careful handling of vessels and prompt closure of any openings reduces the chance that air can be introduced.【Document 1†L4】

6. **Post‑anastomosis verification**  
   - **Observe for air bubbles** – Surgeons visually inspect the anastomoses and the graft for any visible bubbles before completing the transplant, ensuring that the arterial‑to‑venous sequence has successfully cleared the circuit.

**Key take‑away:**  
By hydrating the recipient, preserving the organ in fluid, and deliberately reconnecting the arterial supply before the venous outflow, surgeons create a blood‑driven flushing system that expels any entrapped air, thereby preventing air embolisms during organ transplantation.","**How surgeons prevent air embolisms during organ transplantation**

1. **Pre‑operative patient preparation**  
   Before the graft is implanted, the recipient is given adequate intravenous fluids.  A well‑hydrated patient has been shown to have a lower chance of developing embolisms, so fluid loading is routinely performed as part of the transplant preparation【Document 1†L2】.

2. **Organ procurement and preservation**  
   As soon as the donor organ is removed, its blood vessels are flushed and the entire vascular tree is filled with preservation solution or another sterile fluid.  Keeping the organ’s vasculature fluid‑filled prevents air from entering the tissue while it is being transported to the recipient【Document 1†L5】.

3. **Vascular anastomosis sequence in the recipient**  
   - **Attach the arterial inflow first** – The surgeon first sutures the donor artery to the recipient’s arterial supply.  
   - **Then attach the veins** – After the arterial connection is secure, the venous outflow is anastomosed.  
   - **Why this order matters** – By establishing arterial flow before any venous connection, the incoming blood “washes away” any stray air or gas bubbles that may have been trapped in the graft.  The arterial pressure forces the bubbles downstream, where they can be expelled through the newly created venous outflow【Document 1†L2-L3】【Document 1†L5】.

4. **Intra‑operative flushing**  
   Once the arterial side is opened, the pressure of the donor’s blood stream pushes any residual air through the graft and out the venous circuit.  This blood‑driven flushing is essentially the same “wash‑away” principle described above and is a key step in eliminating air before the organ is fully reperfused【Document 1†L2-L3】.

5. **General operative precautions**  
   - **Maintain a fluid‑filled field** – Throughout the procedure the surgical field is kept moist or filled with fluid, which blocks air from entering open vessels.  
   - **Avoid unnecessary exposure of vessels** – Surgeons handle vessels carefully and close any openings promptly, reducing the opportunity for air to be introduced【Document 1†L4】.

6. **Post‑anastomosis verification**  
   After the arterial and venous anastomoses are completed, the surgeon visually inspects the graft and the connections for any remaining bubbles.  If any air is seen, additional flushing or gentle aspiration is performed until the circuit is clear, confirming that the arterial‑to‑venous sequence has successfully removed entrapped air.

**Key take‑away**  
By hydrating the recipient, preserving the organ in fluid, and deliberately reconnecting the arterial supply before the venous outflow, surgeons create a blood‑driven flushing system that expels any entrapped air.  Combined with a fluid‑filled operative field and careful vessel handling, these steps effectively prevent air embolisms during organ transplantation.",5,4,5,"The answer is well‑structured with clear headings and bullet points, making it easy to follow (high coherence). It directly addresses the question by describing hydration, fluid‑filled organ preservation, arterial‑first anastomosis, blood‑driven flushing, a fluid‑filled field, and verification, which are relevant and useful steps (helpful). All major claims—hydration reduces embolism risk, filling the organ with fluid, attaching arteries before veins to wash out air—are supported by Document 1 (e.g., L2, L5). The additional detail about visual inspection is not contradicted by the evidence, so factuality remains high."
1,baseline,5222,"**Outline – How Hitler and Stalin “justified” the mass murder of whole groups (or why they did not need a moral justification)**  

---

### I. Crisis‑driven legitimacy – the pre‑condition for extreme policies  
- **Hitler:** rose to power after Germany’s humiliation after WW I; a “general public feeling of mistreatment” made the population receptive to radical solutions【Document 1†L2】.  
- **Stalin:** (implicit in the evidence) seized power in a similarly turbulent post‑revolutionary Soviet Union and, once in control, ruled with “brute force” and total control of media, police and government bodies【Document 1†L3-L4】.  

### II. Ideological scapegoating as the public “explanation”  
- **Racial‑biological doctrine (Hitler):**  
  - Nazis framed Jews, Slavs, Roma, disabled, homosexuals, etc., as “inferior” or “sub‑human” (Untermenschen) that threatened the “Aryan” race【Document 3†L1-L5】.  
  - The goal was to create “living space” (Lebensraum) for a pure‑blooded Aryan population【Document 3†L2-L3】.  
- **Stalin’s parallel hatred:**  
  - The evidence notes that both men “held racial hatred of Jews and other ethnic groups” and used that hatred to legitimize repression【Document 1†L3-L4】.  

### III. Propaganda & control of information – making the genocide appear necessary  
- Both dictators “controlled the media, the police and government bodies, demanding total power” and used fear to enforce obedience【Document 1†L3-L4】.  
- The regime presented the extermination of “undesirables” as an administrative tool to maintain order and prevent sabotage (e.g., collective reprisals against villages)【Document 2†L3-L4】.  

### IV. War‑time “national emergency” as a cover for genocide  
- The Nazis used the outbreak of WWII as a pretext, escalating the “T‑4” euthanasia program under the guise of wartime exigency【Document 2†L5】.  
- Mass killings were portrayed as necessary for the war effort and for protecting the nation from internal “threats”【Document 2†L1-L2】.  

### V. Reliance on terror rather than moral justification  
- Fear and the promotion of fear were the chief “contributions to their successes” as tyrants; the regime did not need a moral argument, only intimidation【Document 1†L4-L5】.  
- Stalin and Hitler “suppressed opposition with brute force” and thus could carry out genocide without offering a public moral rationale【Document 1†L3-L4】.  

### VI. Summary answer to the question  
1. **Justifications offered:**  
   - **Ideological:** Jews, Slavs, disabled, etc., were labeled racially or biologically inferior and a threat to the nation’s “purity” and survival.  
   - **Security/war‑time:** The exterminations were framed as essential for national security, war effort, and preventing sabotage.  
2. **Why explicit moral justification was often unnecessary:**  
   - Total control of media and the police created an environment where dissent was crushed; fear and propaganda replaced rational moral debate.  
   - The regimes presented genocide as an administrative or emergency measure rather than a moral choice, relying on terror to ensure compliance.  

*All points are drawn directly from the supplied documents; no unsupported claims are added.*","**How Hitler and Stalin “justified” the mass murder of whole groups (or why they did not need a moral justification)**  

### I. Crisis‑driven legitimacy – the pre‑condition for extreme policies  

Both dictators came to power in moments of national crisis that made the population receptive to radical solutions.  
* Hitler was elected after Germany’s humiliation following World War I; a “general public feeling of mistreatment” after the war created the climate in which a leader could promise a dramatic reversal of fortunes【Document 1†L2】.  
* Stalin seized control in the chaotic aftermath of the Russian Revolution and, once in power, ruled with “brute force” and total control of the media, police and government bodies【Document 1†L3-L4】.  

The crisis gave each leader a claim to extraordinary authority, which later allowed them to introduce policies that ordinary democratic governments could not.

### II. Ideological scapegoating as the public “explanation”  

#### Hitler’s racial‑biological doctrine  
The Nazi Party framed Jews, Slavs, Roma, the disabled, homosexuals and other groups as biologically inferior “sub‑human” (Untermenschen) who threatened the purity and future of the “Aryan” race【Document 3†L1-L5】.  
The ultimate goal was to secure “living space” (Lebensraum) for a pure‑blooded Aryan population, a policy presented as necessary for the nation’s survival and expansion【Document 3†L2-L3】.  

#### Stalin’s parallel hatred  
Although the evidence is less detailed, it notes that both men “held racial hatred of Jews and other ethnic groups” and used that hatred to legitimize repression【Document 1†L3-L4】. The ideological labeling of certain peoples as enemies of the state served the same function as Hitler’s racial doctrine: it provided a simple, emotionally charged explanation for why those groups could be eliminated.

### III. Propaganda & control of information – making the genocide appear necessary  

Both regimes monopolised information and used terror to enforce obedience.  
* They “controlled the media, the police and government bodies, demanding total power” and relied on fear to keep the population compliant【Document 1†L3-L4】.  
* The extermination of “undesirables” was presented as an administrative tool: collective reprisals against villages, the execution of hostages, and the burning of entire communities were justified as necessary to prevent sabotage and maintain order【Document 2†L3-L4】.  

By shaping the narrative and suppressing dissent, the dictators could portray mass murder not as a moral choice but as a pragmatic measure for state security.

### IV. War‑time “national emergency” as a cover for genocide  

The outbreak of World War II provided a convenient pretext for escalating violence.  
* The Nazis used the “national emergency” of war to expand the secret “T‑4” euthanasia program, which targeted disabled patients under the guise of wartime exigency【Document 2†L5】.  
* More broadly, the killings were framed as essential for the war effort and for protecting the nation from internal “threats”【Document 2†L1-L2】.  

The emergency narrative allowed the regime to suspend ordinary legal and moral constraints and to present genocide as a defensive, even patriotic, act.

### V. Reliance on terror rather than moral justification  

Fear, rather than a reasoned moral argument, was the chief engine of compliance.  
* The dictators’ “narcissistic and sociopathic personalities, coupled with acute paranoia demanded total loyalty” and they relied on “fear and the promotion of it” to secure their rule【Document 1†L4-L5】.  
* By suppressing opposition with brute force and maintaining total control of communication channels, they could carry out mass murder without offering a public moral rationale【Document 1†L3-L4】.  

Thus, the regimes did not need to convince the populace that killing was ethically right; they needed only to convince them that it was unavoidable, necessary, or inevitable.

### VI. Summary answer to the question  

1. **Justifications offered**  
   * **Ideological:** Jews, Slavs, Roma, disabled, homosexuals and other groups were labeled racially or biologically inferior and portrayed as existential threats to the nation’s “purity” and survival.  
   * **Security/war‑time:** The exterminations were framed as essential for national security, the war effort, and the prevention of sabotage, especially under the cover of a “national emergency.”  

2. **Why explicit moral justification was often unnecessary**  
   * Total control of media, police and government eliminated dissent and made fear the primary means of obedience.  
   * The regimes presented genocide as an administrative or emergency measure rather than a moral choice, relying on terror and propaganda to secure compliance.  

In short, Hitler and Stalin justified the killing of entire demographics by casting those groups as biologically inferior enemies of the state and by cloaking the murders in the language of wartime necessity and security. Their absolute control of information and reliance on fear meant that a conventional moral defense was not required; intimidation and ideological scapegoating were sufficient to carry out the atrocities.",5,4,4,"The answer is well‑structured, with clear headings that guide the reader through a logical argument, earning a top coherence score. It directly addresses the question by outlining the justifications used by Hitler and Stalin and explains why explicit moral defenses were often unnecessary, making it quite helpful, though it could include more nuance about Stalin’s specific rhetoric. Most factual claims are backed by the supplied documents (e.g., Hitler’s racial ideology, propaganda control, war‑time emergency framing, and the use of terror), but the statement that Stalin seized power in the chaotic aftermath of the Russian Revolution is not explicitly supported by the evidence, lowering the factuality rating slightly."
1,mmr,4716,"**Outline – How Hitler and Stalin addressed (or avoided) justification for mass murder**

---

### I. Context – Why justification mattered
- **Crisis‑driven legitimacy** – Both leaders rose to power amid national crises (post‑WWI humiliation for Hitler; post‑revolutionary turmoil for Stalin) that “united populations” and gave them “almost absolute power” (Doc 1‑2).  
- **Control of information** – They “controlled the media, the police and government bodies” to become “absolute rulers” (Doc 1‑3, 4).

### II. Hitler’s explicit ideological justification
1. **Racial hierarchy & “Aryan” superiority**  
   - Nazis framed Jews, Slavs, Roma, disabled, homosexuals, etc. as “inferior” or “Untermenschen” (Doc 4‑1, 5‑1).  
   - The goal was to “rid Europe of Jews and other ‘inferior’ peoples” and create a “pure‑blooded Aryan” Third Reich (Doc 4‑1, 5‑1).

2. **Lebensraum & national survival**  
   - Hitler argued Germany needed “living space” for the Aryan race, blaming the Treaty of Versailles for denying this (Doc 4‑3).  
   - Expansion into Slavic lands was presented as a war against “subhuman” hordes (Doc 4‑1).

3. **Use of “national emergency”**  
   - The war was employed as a cover for genocide; the regime escalated “policies against individuals with disabilities” under the pretext of emergency (Doc 2‑5).

4. **Propaganda & scapegoating**  
   - By blaming a “certain sect” (Jews, disabled, etc.) for all societal problems, the regime secured popular acquiescence without “question” (Doc 1‑2).

### III. Stalin’s approach to justification (as reflected in the evidence)
1. **Absence of a publicly‑stated racial ideology**  
   - The supplied texts do not cite a formal ideological justification from Stalin comparable to Hitler’s racial doctrine.

2. **Reliance on brute force, terror, and repression**  
   - Both dictators “suppressed opposition with brute force” and used “fear and the promotion of it” to maintain power (Doc 1‑4).  
   - Mass killings were employed as an “administrative device” and “terror…to maintain control, prevent sabotage, and safeguard their soldiers” (Doc 2‑3).  

3. **Shared psychological traits**  
   - Both are described as “narcissistic and sociopathic” with “acute paranoia” demanding total loyalty (Doc 1‑3, 4).  
   - This suggests Stalin’s killings were justified internally by a paranoid need for absolute control rather than a public ideological narrative.

### IV. Common mechanisms of “justification” (or its circumvention)
| Mechanism | Hitler (evidence) | Stalin (evidence) |
|-----------|-------------------|-------------------|
| **Ideological scapegoating** | Racial hierarchy, “Untermenschen,” Lebensraum (Doc 4‑1, 4‑3) | Not explicitly presented; focus on political/class enemies (implied by “brute force” suppression) |
| **National emergency / war** | War used as cover for genocide; “T‑4” program during wartime (Doc 2‑5) | War and internal crises used to legitimize repression (Doc 1‑2) |
| **Control of narrative** | Media & police domination; propaganda blaming “a‑social” groups (Doc 1‑3, 5‑1) | Media & police domination; fear‑based loyalty (Doc 1‑4) |
| **Fear & terror as policy** | “Fear and the promotion of it” central to success (Doc 1‑4) | “Brute force” and terror to maintain rule (Doc 1‑3, 4) |
| **Public justification** | Explicit racial/biological rhetoric presented to populace | No clear public ideological justification in supplied evidence; killings presented as administrative/terror measures |

### V. Answer to the question
- **Hitler** **did** publicly justify genocide through a coherent racial‑biological ideology (Aryan superiority, Lebensraum, “Untermenschen”) and framed it as necessary for Germany’s survival during a national emergency.  
- **Stalin** **did not** offer a comparable public ideological justification in the provided sources; his mass killings were rationalized internally by paranoia, the need for absolute control, and were carried out as “brute force” and terror to suppress opposition and protect the regime.  

Thus, while Hitler employed an overt, ideologically‑laden justification that was communicated to the masses, Stalin’s atrocities were justified more by the regime’s reliance on fear, repression, and administrative terror rather than a publicly","**How Hitler and Stalin addressed (or avoided) justification for mass murder**

---

### I.  Context – Why justification mattered  

Both dictators came to power in moments of national crisis, which gave them a claim to “almost absolute power” and made a public rationale for extreme measures politically useful.  

* Hitler rode a wave of German humiliation after World I; the public felt mistreated and was ready to accept a leader who promised to restore national pride (Doc 1‑2).  
* Stalin emerged from the chaos of the Russian Revolution and civil war, a period in which the population was already accustomed to “total power” being handed to a single ruler (Doc 1‑3).  

Once in control, each regime “controlled the media, the police and government bodies” to become “absolute rulers” (Doc 1‑3, 4).  This monopoly over information allowed them to shape, or simply suppress, any public justification for the violence that followed.

---

### II.  Hitler’s explicit ideological justification  

| Aspect | Evidence |
|--------|----------|
| **Racial hierarchy & “Aryan” superiority** | The Nazis framed Jews, Slavs, Roma, disabled, homosexuals, etc. as “inferior” or “Untermenschen” (Doc 4‑1).  Their foreign policy aimed to “rid Europe of Jews and other ‘inferior’ peoples” and to create a “pure‑blooded Aryan” Third Reich (Doc 4‑1, 5‑1). |
| **Lebensraum & national survival** | Hitler argued that the Treaty of Versailles denied Germany the “living space” (Lebensraum) needed for the growing Aryan population (Doc 4‑3).  Expansion into Slavic lands was presented as a war against “subhuman hordes” (Doc 4‑1). |
| **National emergency as cover** | The war was used as a pretext for genocide; during the “national emergency” of 1939 the regime escalated its policies against the disabled, killing 250 000 people in the secret “T‑4” euthanasia program (Doc 2‑5). |
| **Propaganda & scapegoating** | By blaming a “certain sect” for all of Germany’s problems, the regime secured popular acquiescence without question (Doc 1‑2).  The Nazis labelled many groups as “a‑social” (Doc 5‑1), reinforcing the idea that these people were responsible for the nation’s ills. |

Through these points Hitler offered a **public, coherent narrative**: the survival and greatness of the Aryan race required the elimination of “inferior” peoples, and war provided the necessary emergency context for that elimination.

---

### III.  Stalin’s approach to justification (as reflected in the evidence)  

1. **No comparable public racial ideology** – The supplied documents do not record Stalin presenting a doctrinal, race‑based justification for mass murder comparable to Hitler’s.  

2. **Reliance on brute force, terror, and repression** – Both dictators “suppressed opposition with brute force” and used “fear and the promotion of it” to keep power (Doc 1‑4).  Stalin’s killings are described as an “administrative device” and as “terror…to maintain control, prevent sabotage, and safeguard their soldiers” (Doc 2‑3).  

3. **Paranoid need for absolute loyalty** – Stalin, like Hitler, is portrayed as having “narcissistic and sociopathic” traits and “acute paranoia” that demanded total loyalty (Doc 1‑3, 4).  This suggests that the killings were justified internally by a paranoid conviction that any perceived enemy—political, class‑based, or otherwise—had to be eliminated to preserve the regime.  

Thus, **Stalin did not articulate a public ideological doctrine** for the extermination of entire demographics; instead, the regime relied on **coercion, terror, and the portrayal of victims as dangerous opponents** whose removal was necessary for the state’s survival.

---

### IV.  Common mechanisms of “justification” (or its circumvention)

| Mechanism | Hitler (evidence) | Stalin (evidence) |
|-----------|-------------------|-------------------|
| **Ideological scapegoating** | Racial hierarchy, “Untermenschen,” Lebensraum (Doc 4‑1, 4‑3) | Not explicitly presented; focus on political/class enemies (implied by “brute force” suppression) |
| **National emergency / war** | War used as cover for genocide; “T‑4” program during wartime (Doc 2‑5) | War and internal crises used to legitimize repression (Doc 1‑2) |
| **Control of narrative** | Media & police domination; propaganda blaming “a‑social” groups (Doc 1‑3, 5‑1) | Media & police domination; fear‑based loyalty (Doc 1‑4) |
| **Fear & terror as policy** | “Fear and the promotion of it” central to success (Doc 1‑4) | “Brute force” and terror to maintain rule (Doc 1‑3, 4) |
| **Public justification** | Explicit racial/biological rhetoric presented to populace (Doc 4‑1, 5‑1) | No clear public ideological justification in supplied evidence; killings framed",5,5,4,"The answer is well‑structured, clearly organized with headings and tables, and directly addresses the question about how Hitler and Stalin justified—or did not justify—mass murder. It draws heavily from the supplied documents, correctly citing Hitler's racial ideology, Lebensraum, and use of war as a cover, as well as the general authoritarian control both leaders exercised. The claim that Stalin lacked a public ideological justification is consistent with the evidence. However, the answer incorrectly attributes a statement about ""administrative device"" and terror (Document 2‑3) to Stalin, when that passage specifically describes Nazi actions, not Stalin's. This minor mis‑attribution lowers the factuality score."
2,baseline,4133,"**Outline – What creates the visible patterns (ripples vs. still patches) on a water surface**

---

### I. Core driver – transfer of wind energy to the water
- **Air movement, even when you don’t feel it, constantly pushes on the surface.**  
  - “Even on a day when you don’t feel any wind, there will always be some movement in the air, and at the surface … that movement causes small ripples to form.” (Doc 1‑3)  
- **Wind transfers kinetic energy to surface molecules, making them move up‑and‑down.**  
  - “Wind energy is being transferred to the minuscule water molecules, which begin to move up and down, gently rising and falling…” (Doc 1‑3)

### II. Role of surface tension
- **Strong surface tension limits how far and how long ripples persist.**  
  - “The surface tension of water is quite strong … and this tension will stop the ripples from perpetuating very far or for very long.” (Doc 1‑3)  
- **Energy is quickly dissipated in overcoming surface tension, so ripples fade.**  
  - “The energy transferred into the water is quickly used up … so the ripples fade.” (Doc 1‑3)

### III. Other sources of disturbance
- **Any localized disturbance can launch ripples.**  
  - “Ripples are initially created by a disturbance of the surface, whether it’s wind, a fish, a bird… etc.” (Doc 1‑4)  
- **Ripples spread outward as concentric rings from the point of disturbance.** (Doc 1‑4‑5)

### IV. Why some areas appear completely still
- **Thin oily films can suppress surface tension, preventing ripple formation.**  
  - “… patches and streaks of ripple‑free water … because there’s a thin layer of something oily that breaks up the surface tension that drives the small ripples.” (Doc 1‑2)  
- **In the absence of wind or other disturbances, the water surface remains calm because no energy is being injected.** (implicit from Doc 1‑3)

### V. Summary of interacting factors
| Factor | Effect on surface pattern |
|--------|---------------------------|
| **Wind / air motion** | Generates ripples by transferring energy to surface molecules. |
| **Surface tension** | Limits ripple propagation; dissipates energy quickly. |
| **Localized disturbances** (fish, birds, objects) | Initiate concentric ripple rings. |
| **Surface contaminants (oil film)** | Reduce surface tension → suppresses ripple formation → creates still patches. |
| **Absence of energy input** | Surface stays still. |

### VI. Bottom‑line answer
- **Patterns are not caused by wind alone.**  
  - Wind (or any air movement) is the most common energy source, but ripples also arise from any physical disturbance, and the presence of an oily film can locally quench ripple formation.  
- **The interplay of energy input (wind, disturbance) and the water’s surface tension determines whether you see ripples or a calm patch.** (All points drawn from Document 1).","**What creates the visible patterns (ripples vs. still patches) on a water surface?**

---

### I. Core driver – transfer of wind energy to the water  

Even when you do not feel a breeze, the air is never perfectly still.  That ever‑present movement pushes on the water’s surface and transfers kinetic energy to the topmost molecules.  As the evidence explains, “even on a day when you don’t feel any wind, there will always be some movement in the air, and at the surface of a water body, that movement causes small ripples to form.”  The wind’s kinetic energy makes the surface molecules “move up and down, gently rising and falling,” and the motion spreads to neighboring molecules, creating the familiar sparkling ripples that appear on a lake.

### II. Role of surface tension  

Water’s surface tension is strong because of the polar nature of its molecules.  This tension acts as a restoring force that quickly damps the motion: “the surface tension of water is quite strong … and this tension will stop the ripples from perpetuating very far or for very long.”  The energy that the wind supplies is rapidly consumed in overcoming this tension, so the ripples fade after a short distance and time.  In other words, surface tension limits both the reach and the lifetime of the patterns.

### III. Other sources of disturbance  

Wind is the most common energy source, but any localized disturbance can launch ripples.  The evidence notes that “ripples are initially created by a disturbance of the surface, whether it’s wind, a fish, a bird… etc.”  Once generated, the disturbance sends out concentric rings that travel outward from the point of impact, much like “a human wave around a stadium.”  Thus, a thrown stone, a swimming fish, or a landing bird can produce the same ripple pattern as a gust of wind.

### IV. Why some areas appear completely still  

Two related reasons can produce calm‑looking patches:

1. **Absence of energy input** – If there is no wind and no other disturbance, no kinetic energy is injected into the surface, so the water remains calm.  This follows directly from the idea that ripples need an energy source to be created.

2. **Surface‑tension‑altering films** – A thin oily film can suppress the formation of ripples.  The evidence states that “patches and streaks of ripple‑free water … because there’s a thin layer of something oily that breaks up the surface tension that drives the small ripples.”  By reducing the effective surface tension, the film prevents the wind‑driven energy from generating visible ripples, leaving a still‑looking region even when the surrounding water is active.

### V. Summary of interacting factors  

| Factor | How it influences the surface pattern |
|--------|---------------------------------------|
| **Wind / air motion** | Supplies kinetic energy that makes surface molecules oscillate, creating ripples. |
| **Surface tension** | Acts as a restoring force that quickly dissipates the energy, limiting ripple distance and duration. |
| **Localized disturbances** (fish, birds, thrown objects) | Initiate concentric ripple rings that spread outward from the point of impact. |
| **Surface contaminants (oil film)** | Reduce or alter surface tension, suppressing ripple formation and producing calm patches. |
| **Absence of energy input** | No disturbance → water stays still. |

### VI. Bottom‑line answer  

The patterns you see on a water surface are the result of a balance between **energy input** and **surface tension**.  Wind (or any air movement) is the most frequent source of that energy, but any physical disturbance—such as a fish, a bird, or a dropped stone—can generate the same concentric ripples.  Surface tension quickly damps the motion, causing the ripples to fade, while a thin oily film can locally neutralize the tension‑driven ripple mechanism, leaving a patch of apparently still water.  Therefore, the visible contrast between rippled and calm areas is not caused by wind alone; it emerges from the interplay of wind or other disturbances, the water’s surface tension, and any surface‑active films that modify that tension.",5,5,5,"The answer is well‑organized with clear sections and a summary table, directly addressing the question. It accurately reflects the evidence: it cites wind‑driven air motion creating ripples, the role of surface tension in damping them, the possibility of other disturbances (fish, birds, stones) generating concentric waves, and the effect of a thin oily film suppressing ripples. All statements are supported by the provided document, and no contradictory information is introduced."
2,mmr,3634,"**Outline – Why some water surfaces show ripples while others appear perfectly still**

---

### I. Primary driver: transfer of energy to the water surface  
1. **Wind (even when you don’t feel it)** –  
   * Air motion constantly pushes on the water, giving water molecules a tiny up‑and‑down motion that initiates ripples. [Doc 1 §3]  
2. **Other disturbances** –  
   * A fish, a bird, a falling leaf, a thrown rock, etc., can locally disturb the surface and launch concentric ripple rings. [Doc 1 §4‑5]

### II. How the ripples form and propagate  
1. **Energy transfer** –  
   * Wind (or any disturbance) transfers kinetic energy to surface water molecules; they move upward, pulling neighboring molecules along. [Doc 1 §3]  
2. **Surface tension’s role** –  
   * Water’s strong surface tension (due to its polar molecules) resists deformation, causing ripples to die out quickly once the supplied energy is spent. [Doc 1 §3]  

### III. Why ripples fade or remain confined  
1. **Rapid energy dissipation** –  
   * The energy used to lift molecules is quickly exhausted, so ripples are short‑lived and limited in range. [Doc 1 §3]  
2. **Surface‑tension‑altering films** –  
   * A thin oily layer can locally reduce surface tension, suppressing the formation of small ripples and creating “ripple‑free” patches. [Doc 1 §2]

### IV. Conditions that produce apparent stillness  
1. **Lack of disturbance** –  
   * When wind is very weak and no other objects disturb the surface, there is little or no energy input, so the water stays calm. [Doc 1 §3]  
2. **Oily or surfactant films** –  
   * Areas coated with a thin film of oil break the surface‑tension mechanism that normally supports tiny ripples, leaving those zones visibly smoother. [Doc 1 §2]  

### V. Summary answer to the question  
* **Wind is a major source of the energy that creates surface ripples, but it is not the only cause.**  
* **Any localized disturbance (fish, birds, objects) can generate ripples.**  
* **Surface tension both creates the visible peaks/troughs and limits how far they travel.**  
* **Patchy stillness arises from either an absence of disturbance (very low wind) or from a thin oily film that suppresses surface tension‑driven ripples.**  

---  

*All points are drawn directly from the supplied documents (Doc 1 and Doc 5). No unsupported claims are added.*","**Why some water surfaces show ripples while others appear perfectly still**

---

### I. Primary driver: transfer of energy to the water surface  

1. **Wind (even when you don’t feel it)** –  
   Air is never completely motionless; even on a calm‑looking day there is always some movement of air. That motion pushes on the water surface, giving the water molecules a tiny up‑and‑down motion that initiates ripples. The wind’s kinetic energy is transferred to the water molecules, causing them to rise and fall [Doc 1 §3].

2. **Other disturbances** –  
   A ripple does not have to be created by wind alone. Any localized disturbance—such as a fish swimming near the surface, a bird landing, a falling leaf, or a thrown rock—can displace the water and launch concentric rings of ripples that spread outward from the point of impact [Doc 1 §4‑5].

---

### II. How the ripples form and propagate  

1. **Energy transfer** –  
   When wind or another disturbance contacts the surface, kinetic energy is handed to the surface water molecules. Those molecules move upward, and because they are linked by surface tension they pull neighboring molecules along, creating the alternating peaks and troughs that we see as ripples [Doc 1 §3].

2. **Surface tension’s role** –  
   Water’s strong surface tension—arising from the polar nature of its molecules—resists deformation. This tension is what allows the small peaks and troughs to be visible, but it also limits how far the ripple can travel because the tension quickly restores the surface to a flat state once the supplied energy is exhausted [Doc 1 §3].

---

### III. Why ripples fade or remain confined  

1. **Rapid energy dissipation** –  
   The energy used to lift the surface molecules is quickly spent. As soon as the wind or other source stops delivering energy, the surface tension drains the remaining motion, causing the ripples to die out after only a short distance [Doc 1 §3].

2. **Surface‑tension‑altering films** –  
   In some areas a thin layer of oil or other surfactant can sit on the water. This film reduces the surface tension locally, which suppresses the formation of the tiny ripples that normally arise from wind. The result is a visibly smoother, “ripple‑free” patch [Doc 1 §2].

---

### IV. Conditions that produce apparent stillness  

1. **Lack of disturbance** –  
   When the wind is very weak and no objects disturb the surface, there is little or no energy being transferred to the water. Without that input, the surface remains essentially motionless [Doc 1 §3].

2. **Oily or surfactant films** –  
   Even if a light breeze is present, a thin oily film can break the surface‑tension mechanism that normally supports small ripples. Those coated zones stay smooth while surrounding water may still show faint ripples [Doc 1 §2].

---

### V. Summary  

- **Wind is a major source of the energy that creates surface ripples**, but it is not the only cause; any localized disturbance (fish, birds, falling objects) can generate ripples as well.  
- **Surface tension both creates the visible peaks and troughs and limits their propagation**, causing ripples to fade quickly once the energy source stops.  
- **Patchy stillness arises either from an absence of disturbance (very low wind) or from a thin oily/surfactant film that locally reduces surface tension**, preventing the usual ripple formation.  

Thus, the patterns you see on a water surface are the result of a balance between energy input (wind or other disturbances) and the dissipative action of surface tension, sometimes modified by surface films that suppress ripple formation.",5,5,5,"The answer is well‑organized with clear headings and logical progression, directly addressing why some water surfaces ripple while others are still. It explains wind (even imperceptible), other disturbances, the role of surface tension, energy dissipation, and the effect of oily/surfactant films. All statements are supported by the provided evidence in Document 1, making the content factually accurate."
3,baseline,3610,"**Outline: Why many Americans dislike “socialism” (or the word itself)**  

1. **Negative gut‑feel, not informed understanding**  
   - At least half of the electorate holds a negative view of socialism even though they “don’t entirely understand what it means”【Document 1†5】.  

2. **Associations with undesirable economic traits**  
   - “Socialism” evokes a **weakened work ethic**, **stifled innovation**, and **excessive reliance on the government** for many Americans【Document 1†4】.  

3. **Use of “socialism” as a political slur**  
   - In U.S. discourse, anything opponents dislike is often labeled “socialism,” regardless of its actual content【Document 4†1】.  
   - Right‑wing critics routinely brand policies such as universal health care and education as “pure Socialism,” turning the term into a catch‑all negative label【Document 2†5】.  

4. **Conflation with communism/Marxism and historical baggage**  
   - The political right equates Marxism with communism and therefore with “socialism,” reinforcing a taboo and fear of the term【Document 5†1】.  
   - Historical abuse of Marxist ideas and the Cold‑War legacy contribute to a cultural aversion to anything that sounds “Marxist.”  

5. **Conceptual confusion between “socialist” and “democratic socialist”**  
   - The two labels are often treated as interchangeable, even though democratic socialists do not necessarily call for immediate government control of the economy【Document 2†1‑2】.  
   - This blurring prevents a clear distinction, so the term “socialism” is applied broadly to reforms that many Americans actually support.  

6. **Populist and media amplification**  
   - Talk‑radio style oversimplification and populist rhetoric repeatedly present “socialism” as a monolithic threat, reinforcing negative stereotypes without nuanced explanation【Document 4†2】.  

7. **Contrast with global attitudes (optional contextual note)**  
   - While many Chinese now favor capitalism, the U.S. uniquely attaches strong negative connotations to “socialism,” highlighting a domestic cultural/political factor rather than a universal aversion【Document 3†2】.  

**Key Takeaway:**  
Americans’ hostility toward socialism stems less from a coherent ideological critique and more from a combination of misunderstanding, negative stereotypes about work and government, deliberate political labeling, and the historical conflation of socialism with communism/Marxism. These factors together turn “socialism” into a pejorative shorthand rather than a precise policy descriptor.","**Why many Americans dislike “socialism” (or the word itself)**  

1. **Negative gut‑feel, not an informed understanding**  
   A sizable portion of the American electorate reacts to the term “socialism” with a pre‑existing dislike.  At least half of voters express a negative view of socialism even though they “don’t entirely understand what it means”【Document 1†5】.  This suggests that the aversion is rooted more in instinctive reaction than in a detailed policy analysis.

2. **Associations with undesirable economic traits**  
   For many Americans the word conjures images of a weakened work ethic, stifled innovation and an over‑reliance on government assistance【Document 1†4】.  These associations tap into cultural values that prize individual effort, entrepreneurial dynamism and limited state intervention, making “socialism” an easy shorthand for anything perceived to threaten those values.

3. **Use of “socialism” as a political slur**  
   In U.S. political discourse the label is often applied indiscriminately to policies or ideas that opponents find objectionable, regardless of their actual content【Document 4†1】.  Right‑wing critics routinely brand universal health‑care and public education as “pure Socialism,” turning the term into a catch‑all negative epithet【Document 2†5】.  Because the word is deployed as a blanket insult, its meaning becomes detached from any precise ideological definition.

4. **Conflation with communism/Marxism and historical baggage**  
   The political right tends to equate Marxism with communism and then with “socialism,” reinforcing a cultural taboo around the term【Document 5†1】.  Historical episodes of Marxist‑inspired regimes and the Cold‑War legacy have left a lingering fear of anything that sounds “Marxist,” which further fuels the aversion to the word itself.

5. **Conceptual confusion between “socialist” and “democratic socialist”**  
   In contemporary American conversation the two labels are often treated as interchangeable【Document 2†1‑2】, even though democratic socialists do not necessarily demand immediate government takeover of the entire economy.  This blurring prevents a clear distinction between moderate reformist ideas (e.g., expanding the welfare state) and more radical proposals, so reforms that many Americans actually support are still tagged as “socialism.”

6. **Populist and media amplification**  
   Populist rhetoric—especially the “talk‑radio” style that oversimplifies complex policy debates—repeatedly presents socialism as a monolithic threat【Document 4†2】.  By reducing nuanced economic discussions to a single negative label, media and populist figures reinforce the stereotype without offering substantive explanation.

7. **Contrast with global attitudes (contextual note)**  
   While a majority of Chinese citizens now express support for capitalism—more so than Americans or Western Europeans【Document 3†2】—the United States uniquely attaches strong negative connotations to “socialism.”  This contrast underscores that the American hostility is less a universal reaction to the idea of state‑guided economics and more a product of domestic cultural and political dynamics.

**Key takeaway**  
Americans’ hostility toward socialism is driven less by a coherent ideological critique and more by a mixture of misunderstanding, culturally embedded fears about work and government, deliberate political labeling, and the historical conflation of socialism with communism and Marxism.  These forces combine to turn “socialism” into a pejorative shorthand rather than a precise descriptor of specific policies.",5,5,4,"The answer is well‑structured and logically presents multiple reasons why many Americans dislike the term ""socialism,"" matching the style of a comprehensive response. Each major point is backed by specific citations from the supplied documents, demonstrating strong factual grounding for points 1‑6. The final point about a contrast with Chinese attitudes cites Document 3, but it extrapolates that Chinese support for capitalism is ""more so than Americans"" without providing American data, making that claim only partially supported. Consequently, factuality is high but not perfect."
3,mmr,3058,"**Outline: Why many Americans dislike “socialism” (or even the word itself)**  

1. **Widespread negative perception despite limited understanding**  
   - *Evidence*: “At least half of the American electorate has a negative view of socialism — even if they don’t entirely understand what it means.” (Doc 1‑5)  

2. **Cultural‑political connotations attached to the term**  
   - **a. Work‑ethic and innovation fears**  
     - “For many Americans, ‘socialism’ is a word that evokes a weakened work ethic, stifled innovation and excessive reliance on the government.” (Doc 1‑4)  
   - **b. Association with authoritarian or failed regimes**  
     - Implicit in the negative framing is the link to “authoritarian socialism” and historical examples that Americans view as antithetical to freedom (Doc 2‑4).  

3. **Use of “socialism” as a political label or slur**  
   - “People in the United States may label anything they don’t like ‘socialism,’ which, in fact, has a particular meaning.” (Doc 5‑1)  
   - The term is employed to dismiss policies opponents dislike, even when those policies (e.g., universal health care, education) are not strictly socialist (Doc 2‑5).  

4. **Confusion and conflation of related terms**  
   - “In the present day, ‘Democratic socialist’ and ‘socialist’ are often treated as interchangeable terms, which can be confusing…” (Doc 2‑1)  
   - This blurring makes it easier for critics to lump a wide range of progressive reforms under the “socialist” banner, reinforcing negative sentiment.  

5. **Resulting public attitude**  
   - The combination of limited knowledge, negative cultural associations, and the strategic labeling of disliked policies creates a broad, often visceral aversion to the word “socialism” among Americans.  

*All points are drawn directly from the supplied documents; no external claims are introduced.*","**Why many Americans dislike “socialism” (or even the word itself)**  

1. **Widespread negative perception despite limited understanding**  
   A substantial portion of the American public already views socialism unfavorably.  At least half of the electorate holds a negative opinion of the term, even though many respondents cannot clearly define what socialism actually means (Doc 1‑5).  This gap between sentiment and knowledge creates a fertile ground for instinctive opposition rather than reasoned debate.

2. **Cultural‑political connotations attached to the term**  

   a. *Work‑ethic and innovation fears* – For a large segment of Americans, the word “socialism” summons images of a weakened work ethic, stifled innovation and an over‑reliance on government assistance (Doc 1‑4).  The idea that individuals would become dependent on the state clashes with the United States’ long‑standing cultural emphasis on self‑reliance and entrepreneurial spirit.  

   b. *Association with authoritarian or failed regimes* – Although the supplied documents do not name specific countries, they note that contemporary discourse often links “socialism” with authoritarian variants that reject democratic control (Doc 2‑4).  By tying the term to regimes perceived as antithetical to personal liberty, the label acquires a moral weight that goes beyond any precise policy description.

3. **Use of “socialism” as a political label or slur**  
   In everyday American political conversation, “socialism” is frequently employed as a catch‑all insult for policies or ideas that opponents dislike, regardless of whether those ideas fit a strict definition of socialism (Doc 5‑1).  For example, universal health care and public education are routinely branded as “pure Socialism” by both right‑wing critics and some supporters, even though such programs exist within mixed economies and do not entail the complete government takeover of production (Doc 2‑5).  The term therefore functions more as a rhetorical weapon than as an accurate descriptor.

4. **Confusion and conflation of related terms**  
   The modern American discourse often treats “democratic socialist” and “socialist” as interchangeable (Doc 2‑1).  This blurring obscures important distinctions—democratic socialists may advocate gradual reforms within capitalism rather than immediate state control of the economy.  Because the public does not differentiate these nuances, a wide array of progressive reforms can be lumped under the “socialist” banner, reinforcing the negative sentiment attached to the word.

5. **Resulting public attitude**  
   The combination of limited substantive knowledge, culturally rooted fears about work ethic and innovation, the strategic use of the term as a political slur, and the conflation of related ideologies produces a broad, often visceral aversion to “socialism” among Americans.  The negative perception is thus less a reasoned critique of a specific economic system and more a product of how the word is framed and employed in American political culture.",5,5,5,"The answer is well‑organized, clearly addresses why many Americans dislike socialism, and each claim is directly supported by the supplied documents (e.g., half of the electorate’s negative view, work‑ethic concerns, labeling as a slur, conflation of democratic socialist and socialist, and the ""pure Socialism"" label for universal programs). The arguments follow logically, making the response both coherent and useful."
4,baseline,4607,"**Outline: Why Do We Crave Certain Foods?**  

---

### I. Core Premise  
- Cravings are **not always a sign of physiological need**; they arise from a mix of biological, psychological, and learned influences. *(Doc 2[1]; Doc 1[3])*

---

### II. Biological / Physiological Drivers  

| Factor | Evidence |
|--------|----------|
| **Nutrient/Calorie Deficits** – the body may signal a need for missing nutrients or extra energy. | “Cravings stem from the body’s need to supply some nutrients that could be missing…” *(Doc 2[2])*; “The brain is aware of what would provide more energy and calmness.” *(Doc 5[5])* |
| **Hormonal & Homeostatic States** – sleep loss, hunger, hormonal fluctuations, and overall deprivation heighten cravings. | “Deficiencies in sleep, hunger and time” *(Doc 1[2])*; “Cravings can occur as a result of deprivation and … hormones.” *(Doc 2[5])* |
| **Serotonin Balance** – stress‑ or anxiety‑induced serotonin drops push the body toward foods that raise it. | “Our body seeks serotonin to help balance our brain chemistry …” *(Doc 1[4])* |
| **Fat & Sugar Content** – foods high in fat, sugar, or both are especially craved when emotions trigger them. | “Cravings spurred by emotions are typically for foods containing fat, sugar, or both.” *(Doc 1[5])*; “Unhealthy foods … packed with sugar, salt and unhealthy fats … make them more appealing.” *(Doc 5[2])* |

---

### III. Psychological / Emotional Drivers  

| Factor | Evidence |
|--------|----------|
| **Stress, Anxiety & Mood Regulation** – cravings serve as a coping mechanism for negative affect. | “Serotonin … helps balance … stress and anxiety.” *(Doc 1[4])*; “Many common cravings are tied to emotional root causes.” *(Doc 2[3])* |
| **Reward‑Related Neurochemistry** – dopamine and euphoric sensations reinforce eating the craved food. | “Our brains release dopamine … makes us happy.” *(Doc 4[3])*; “Sugar can elicit a euphoric feeling.” *(Doc 2[1])* |
| **Psychological vs. Physiological Nature** – cravings are driven more by feeling than by true hunger. | “Cravings are typically psychological and not physiological …” *(Doc 2[1])* |
| **Texture & Sensory Preferences** – specific textures (crunchy, creamy, etc.) are linked to particular emotions. | “We often crave foods with specific textures … correspond to particular emotions.” *(Doc 2[3])* |
| **Gender‑linked Patterns** – men tend toward savory, women toward sweet/high‑fat foods. | “Men typically crave savory … women go for sweets and high‑fat …” *(Doc 2[5])* |

---

### IV. Learned & Environmental Influences  

| Factor | Evidence |
|--------|----------|
| **Processing & Engineering** – added sugar, salt, fat, and additives make unhealthy foods hyper‑palatable. | “Unhealthy food … is engineered to taste extra good.” *(Doc 5[","**Why Do We Crave Certain Foods?**  

---

### I. Core Premise  

Cravings are not a reliable indicator that the body truly needs a particular food.  Rather than being a pure physiological signal of hunger, they emerge from a blend of biological states, emotional motives, and learned habits.  As one expert notes, “just because we want to eat junk food, doesn’t mean we should eat it or that our bodies need it” (Doc 1[3]), and research confirms that “cravings are typically psychological and not physiological” (Doc 2[1]).

---

### II. Biological / Physiological Drivers  

| Driver | How it fuels cravings | Evidence |
|--------|----------------------|----------|
| **Nutrient or calorie deficits** | When the body senses a shortfall of a particular nutrient or a need for extra energy, the brain flags foods that can supply those missing elements, prompting a specific desire. | “Cravings stem from the body’s need to supply some nutrients that could be missing…” (Doc 2[2]); “The brain is aware of what would provide more energy and calmness” (Doc 5[5]). |
| **Hormonal and homeostatic states** | Lack of sleep, prolonged hunger, or other deprivation disrupts normal hormonal balance, heightening the urge for quick‑fix foods. | “Deficiencies in sleep, hunger and time” (Doc 1[2]); “Cravings can occur as a result of deprivation and … hormones” (Doc 2[5]). |
| **Serotonin balance** | Stress or anxiety can lower serotonin levels; the body instinctively seeks foods that temporarily boost serotonin, often those rich in simple carbs or fats. | “Our body seeks serotonin to help balance our brain chemistry that gets messed up because of things like stress and anxiety” (Doc 1[4]). |
| **Fat and sugar content** | Foods high in fat, sugar, or both activate reward pathways especially when emotions are involved, making them especially tempting. | “Cravings spurred by emotions are typically for foods containing fat, sugar, or both” (Doc 1[5]); “Unhealthy foods … packed with sugar, salt and unhealthy fats … make them more appealing” (Doc 5[2]). |

---

### III. Psychological / Emotional Drivers  

| Driver | How it fuels cravings | Evidence |
|--------|----------------------|----------|
| **Stress, anxiety, and mood regulation** | Negative affect drives a search for quick mood relief; serotonin‑seeking behavior is one manifestation of this. | “Serotonin … helps balance … stress and anxiety” (Doc 1[4]); “Many common cravings are tied to emotional root causes” (Doc 2[3]). |
| **Reward‑related neurochemistry** | Eating palatable foods releases dopamine, producing a euphoric feeling that reinforces the behavior. | “Our brains release dopamine … makes us happy” (Doc 4[3]); “Sugar can elicit a euphoric feeling” (Doc 2[1]). |
| **Psychological vs. physiological nature** | Cravings are driven more by feeling than by a genuine energy deficit; they can persist even after a meal. | “Cravings are typically psychological and not physiological …” (Doc 2[1]); “If you crave a snack, and you eat it, but you don't feel any better, your body was never needing that food to begin with” (Doc 2[4]). |
| **Texture and sensory preferences** | Specific mouthfeel (crunchy, creamy, smooth) is linked to particular emotional states, steering cravings toward foods that match the desired sensation. | “We often crave foods with specific textures … correspond to particular emotions” (Doc 2[3]). |
| **Gender‑linked patterns** | Hormonal and cultural factors produce different typical cravings: men lean toward savory, women toward sweet or high‑fat foods. | “Men typically crave savory … women go for sweets and high‑fat …” (Doc 2[5]). |

---

### IV. Learned & Environmental Influences  

| Influence | How it shapes cravings | Evidence |
|-----------|----------------------|----------|
| **Processing and engineering** | Modern processed foods are deliberately formulated with high levels of sugar, salt, and fat, making them hyper‑palatable and giving them an “unfair advantage” over whole foods. | “Unhealthy food … is engineered to taste extra good” (Doc 5[1]); “Processed foods tend to be higher in sugar, salt, and fat …” (Doc 5[4]). |
| **Taste‑bud adaptation** | Regular consumption of highly flavored, energy‑dense foods recalibrates taste buds, causing healthier options to taste bland by comparison. | “If we eat a lot of unhealthy foods, our taste buds will start to prefer those flavours over healthier options” (Doc 5[2]). |
| **Acquired taste (conditioned preference)** | Repeated exposure to a previously aversive food can convert it into a liked one; the brain updates its reward circuitry",5,5,5,"The answer is well‑structured with clear sections and tables, directly addresses why we crave certain foods, and each claim is backed by specific citations from the provided documents. All major points (psychological vs physiological nature, nutrient deficits, hormonal influences, serotonin, fat/sugar reward, stress, texture, gender patterns, processing, taste‑bud adaptation, and acquired taste) are supported by the evidence, making the response both coherent, useful, and factually accurate."
4,mmr,4681,"**Outline: Why Do We Crave Certain Foods?**  

---

### I. Core Distinction  
- **Cravings ≠ Hunger** – Cravings are primarily psychological sensations, not a physiological need for food; they can persist even after eating and may disappear with time. *(Doc 2[1], Doc 2[4])*

---

### II. Biological & Physiological Drivers  

| Driver | How it Fuels Craving | Evidence |
|--------|---------------------|----------|
| **Nutrient/Calorie Deficits** | Body signals missing nutrients or calories, prompting a desire for foods that can supply them. | “A food craving stems from the body’s need to supply some nutrients… a lack of certain food element could signal the brain…” *(Doc 2[2])* |
| **Hormonal & Sleep‑Related Factors** | Deficiencies in sleep, irregular hunger cues, and hormonal fluctuations increase cravings, especially for energy‑dense foods. | “The main reason… is due to deficiencies in sleep, hunger and time.” *(Doc 1[2])* |
| **Serotonin Balance** | Stress or anxiety lowers brain serotonin; the body seeks foods that boost serotonin (often high‑carb, sugary items). | “Our body seeks serotonin to help balance our brain chemistry that gets messed up because of… stress and anxiety.” *(Doc 1[4])* |
| **Fat & Sugar Reward Pathways** | Foods high in fat, sugar, or both activate reward circuits, producing a euphoric feeling and reinforcing the craving. | “When you crave these foods… you’re craving fat, too!… cravings spurred by emotions are typically for foods containing fat, sugar, or both.” *(Doc 1[5])* |
| **Warm‑Food Preference** | Heating food makes calories and nutrients more accessible, and warm temperatures amplify taste‑receptor signals, making the food more rewarding. | “Heating food unlocks calories… our brains steering us towards the most potential calories… warm food often tastes better because receptors send a stronger signal.” *(Doc 4[3], Doc 4[5])* |

---

### III. Psychological & Emotional Influences  

- **Stress/Anxiety & Emotional States** – Cravings often arise as coping mechanisms for negative emotions. *(Doc 1[4]; Doc 2[3])*  
- **Texture‑Emotion Links** – Specific textures (crunchy, creamy, smooth) are associated with particular emotional needs. *(Doc 2[3])*  
- **Deprivation & Restriction** – When a food is denied, the desire for it intensifies, especially for high‑fat or sweet items. *(Doc 2[5])*  
- **Gender Patterns** – Men tend to crave savory, protein‑rich foods; women more often crave sweets and high‑fat items. *(Doc 2[5])*  

---

### IV. Learned (Acquired) Taste  

- **Repeated Exposure → Preference** – Repeated consumption without negative feedback rewires reward and taste centers, turning initially aversive foods into liked ones. *(Doc 3[1‑4])*  
- **Conditioned Taste Preference** – The brain updates its valuation of a food through learning, making it a “craved” choice over time. *(Doc 3[2])*  

---

### V. Summary of Integrated Model  

1. **Physiological signals** (nutrient gaps, hormonal/serotonin needs, calorie demand) create a baseline drive for energy‑dense, fat‑sugar‑rich foods.  
2. **Psychological factors** (stress, emotions, texture preferences, social/ gender influences) shape *what* specific foods are targeted","**Why Do We Crave Certain Foods?**  

---

### I. Core Distinction – Cravings Are Not Hunger  

Cravings differ from ordinary hunger in that they are primarily psychological sensations rather than a physiological need for calories or nutrients.  They can persist even after a meal and often fade simply with the passage of time.  As Dr. Allison Childress notes, “cravings typically do go away with a passage of time and can arise even after we have eaten” (Doc 2[1]), and when a snack is eaten without any improvement in how we feel, the craving was never a true bodily requirement (Doc 2[4]).

---

### II. Biological & Physiological Drivers  

| Driver | How It Fuels Craving | Evidence |
|--------|---------------------|----------|
| **Nutrient / Calorie Deficits** | When the body detects a shortfall of a particular nutrient or overall calories, the brain signals a desire for foods that can supply the missing element. | “A food craving stems from the body’s need to supply some nutrients… a lack of certain food element could signal the brain about foods that could provide it” (Doc 2[2]). |
| **Hormonal & Sleep‑Related Factors** | Inadequate sleep, irregular hunger cues, and hormonal fluctuations heighten the urge for energy‑dense foods. | “The main reason… is due to deficiencies in sleep, hunger and time” (Doc 1[2]). |
| **Serotonin Balance** | Stress or anxiety can lower brain serotonin; the body then seeks foods that raise serotonin levels, which are often high‑carb or sugary items. | “Our body seeks serotonin to help balance our brain chemistry that gets messed up because of… stress and anxiety” (Doc 1[4]). |
| **Fat & Sugar Reward Pathways** | Foods rich in fat, sugar, or both activate reward circuits, producing a euphoric feeling that reinforces the craving. | “When you crave these foods… you’re craving fat, too!… cravings spurred by emotions are typically for foods containing fat, sugar, or both” (Doc 1[5]). |
| **Warm‑Food Preference** | Heating food makes calories and nutrients more readily available, and warm temperatures amplify taste‑receptor signals, making the food taste better and more rewarding. | “Heating food unlocks calories… our brains steering us towards the most potential calories… warm food often tastes better because receptors send a stronger signal” (Doc 4[3], Doc 4[5]). |

---

### III. Psychological & Emotional Influences  

1. **Stress, Anxiety, and Negative Emotions** – Cravings often serve as coping mechanisms for uncomfortable emotional states.  The desire for serotonin‑boosting foods under stress illustrates this link (Doc 1[4]; Doc 2[3]).  
2. **Texture‑Emotion Associations** – People frequently crave specific textures—crunchy, soft, creamy, smooth—that correspond to particular emotional needs (Doc 2[3]).  
3. **Deprivation and Restriction** – When a food is denied, the desire for it intensifies, especially for high‑fat or sweet items (Doc 2[5]).  
4. **Gender Patterns** – Research shows men more often crave savory, protein‑rich foods such as burgers, whereas women tend toward sweets and high‑fat foods like chocolate (Doc 2[5]).  

These psychological factors shape *which* foods become the target of a craving, building on the underlying physiological drive.

---

### IV. Learned (Acquired) Taste  

Cravings can also develop through learning.  Repeated exposure to a food without negative consequences allows the brain’s reward and taste centers to update their valuation, turning an initially aversive flavor into a preferred one.  This “acquired taste” process requires multiple exposures (Doc 3[1‑4]) and is essentially a conditioned taste preference (Doc 3[2]).  Over time, the learned preference can become a genuine craving for the once‑unpleasant food.

---

### V. Integrated Model of Food Craving  

1. **Physiological Signals** – Gaps in nutrients, low serotonin, hormonal imbalances, or a need for quick calories generate a baseline drive toward energy‑dense, fat‑ and sugar‑rich foods.  
2. **Psychological Modulators** – Stress, anxiety, emotional state, texture preferences, social or gender influences, and periods of deprivation shape *which* specific foods are sought.  
3. **Learning and Experience** – Repeated, pleasant exposure rewires reward pathways, converting neutral or disliked foods into desired ones, thereby adding new items to the craving repertoire.  

Together, these layers explain why we often reach for a warm slice of pizza, a sugary snack, or a familiar comfort food even when we are not physiologically hungry.  The craving is a composite of body signals, emotional context, and learned preferences, all operating through the brain’s reward and taste systems.",5,5,5,"The answer is well‑structured, clearly separates physiological, psychological, and learned factors, and directly addresses why certain foods are craved. It provides useful, comprehensive information that would help a reader understand the topic. Every major claim is backed by specific statements from the supplied documents (e.g., cravings as psychological vs. physiological, nutrient‑deficiency signals, sleep/hormonal influences, serotonin, fat/sugar reward pathways, warm‑food preference, texture‑emotion links, gender patterns, and acquired taste). The only minor issue is a slight citation mismatch (attributing a quote to Childress that is actually from Dsauza), but the supporting evidence for the claim is still present, so overall factuality remains strong."
